"sub1","sub2","agreement"
"LifeProTips","food",0
"food","LifeProTips",0
"interestingasfuck","oddlysatisfying",0
"interestingasfuck","woahdude",1
"woahdude","interestingasfuck",1
"interestingasfuck","Unexpected",0
"interestingasfuck","WTF",1
"WTF","Unexpected",0
"WTF","interestingasfuck",1
"Unexpected","WTF",0
"Unexpected","interestingasfuck",0
"oddlysatisfying","interestingasfuck",0
"interestingasfuck","oddlysatisfying",0
"oddlysatisfying","interestingasfuck",0
"anime","WTF",1
"Futurology","technology",0
"technology","Futurology",0
"MMA","sports",0
"wholesomememes","TrollXChromosomes",0
"woahdude","oddlysatisfying",0
"interestingasfuck","woahdude",1
"KotakuInAction","TumblrInAction",1
"TumblrInAction","KotakuInAction",1
"Futurology","interestingasfuck",1
"news","technology",0
"oddlysatisfying","woahdude",0
"TrollXChromosomes","wholesomememes",0
"woahdude","interestingasfuck",1
"technology","news",0
"WTF","anime",1
"woahdude","interestingasfuck",0
"interestingasfuck","woahdude",0
"sports","television",0
"television","sports",0
"oddlysatisfying","sports",0
"sports","oddlysatisfying",0
"sports","MMA",0
"gifs","woahdude",0
"gifs","interestingasfuck",1
"interestingasfuck","woahdude",0
"interestingasfuck","gifs",1
"woahdude","interestingasfuck",1
"interestingasfuck","woahdude",1
"Futurology","technology",1
"PrequelMemes","me_irl",0
"worldnews","TwoXChromosomes",1
"canada","TumblrInAction",1
"canada","news",1
"interestingasfuck","Futurology",1
"funny","pcmasterrace",1
"Futurology","technology",0
"TwoXChromosomes","worldnews",1
"gifs","oddlysatisfying",1
"fyrefestival","videos",1
"europe","KotakuInAction",0
"europe","technology",1
"europe","worldnews",1
"woahdude","interestingasfuck",0
"woahdude","gifs",0
"oddlysatisfying","gifs",1
"worldnews","KotakuInAction",0
"worldnews","technology",1
"worldnews","europe",1
"india","todayilearned",1
"eagles","sports",0
"gaming","oddlysatisfying",0
"technology","KotakuInAction",0
"technology","worldnews",1
"technology","europe",1
"KotakuInAction","technology",0
"KotakuInAction","worldnews",0
"KotakuInAction","europe",0
"europe","technology",0
"interestingasfuck","videos",1
"CringeAnarchy","MemeEconomy",1
"NintendoSwitch","heroesofthestorm",1
"pcmasterrace","funny",1
"todayilearned","india",1
"science","Futurology",0
"Futurology","science",0
"interestingasfuck","woahdude",0
"science","technology",0
"science","Futurology",0
"Futurology","technology",0
"Futurology","science",0
"technology","Futurology",0
"technology","science",0
"europe","ukpolitics",1
"soccer","sports",0
"ukpolitics","europe",1
"Unexpected","woahdude",0
"technology","Futurology",1
"me_irl","PrequelMemes",0
"heroesofthestorm","NintendoSwitch",1
"france","dataisbeautiful",0
"Futurology","technology",1
"technology","Futurology",1
"me_irl","funny",1
"funny","me_irl",1
"Futurology","technology",1
"technology","Futurology",1
"dataisbeautiful","france",0
"nfl","eagles",1
"woahdude","interestingasfuck",0
"oddlysatisfying","interestingasfuck",0
"interestingasfuck","oddlysatisfying",0
"eagles","nfl",1
"movies","fyrefestival",1
"gifs","oddlysatisfying",0
"MemeEconomy","CringeAnarchy",1
"oddlysatisfying","gifs",0
"europe","ukpolitics",1
"Futurology","technology",1
"worldnews","science",1
"woahdude","oddlysatisfying",0
"oddlysatisfying","woahdude",0
"trashy","CringeAnarchy",1
"interestingasfuck","pics",1
"pics","interestingasfuck",1
"SquaredCircle","hockey",0
"fyrefestival","movies",1
"conspiracy","The_Donald",1
"interestingasfuck","woahdude",1
"worldnews","Futurology",1
"news","TumblrInAction",1
"news","canada",1
"woahdude","interestingasfuck",1
"oddlysatisfying","gaming",0
"movies","StarWars",1
"woahdude","Unexpected",0
"news","worldnews",0
"StarWars","movies",1
"news","politics",0
"sports","soccer",0
"politics","news",0
"Futurology","technology",0
"Futurology","technology",1
"sports","eagles",0
"news","technology",1
"technology","news",1
"videos","fyrefestival",1
"videos","Unexpected",1
"videos","interestingasfuck",1
"worldnews","conspiracy",1
"conspiracy","worldnews",1
"Games","NintendoSwitch",0
"NintendoSwitch","Games",0
"videos","woahdude",1
"videos","oddlysatisfying",0
"videos","interestingasfuck",1
"woahdude","oddlysatisfying",1
"interestingasfuck","oddlysatisfying",0
"interestingasfuck","woahdude",1
"interestingasfuck","oddlysatisfying",0
"interestingasfuck","videos",1
"oddlysatisfying","interestingasfuck",0
"gifs","interestingasfuck",1
"interestingasfuck","gifs",1
"gifs","aww",1
"aww","gifs",1
"science","worldnews",1
"technology","Futurology",0
"CringeAnarchy","trashy",1
"technology","Futurology",1
"technology","Futurology",0
"news","worldnews",0
"Futurology","technology",1
"technology","Futurology",1
"interestingasfuck","woahdude",0
"videos","youtubehaiku",0
"gaming","Games",1
"gifs","sports",0
"sports","gifs",0
"hockey","SquaredCircle",0
"woahdude","interestingasfuck",0
"worldnews","news",0
"Games","gaming",1
"gifs","sports",0
"sports","gifs",0
"Futurology","technology",0
"interestingasfuck","woahdude",0
"nfl","CHIBears",0
"Futurology","worldnews",1
"CHIBears","nfl",1
"Unexpected","videos",1
"worldnews","ukpolitics",0
"worldnews","news",0
"nfl","CHIBears",1
"technology","Futurology",1
"ukpolitics","worldnews",0
"europe","ukpolitics",0
"ukpolitics","europe",0
"Overwatch","gaming",0
"Overwatch","gaming",1
"worldnews","news",0
"Music","movies",0
"gaming","Overwatch",0
"movies","Music",0
"science","Ice_Poseidon",0
"youtubehaiku","videos",0
"gaming","Overwatch",1
"soccer","sports",1
"CHIBears","nfl",0
"The_Donald","conspiracy",1
"india","Futurology",0
"oddlysatisfying","woahdude",1
"oddlysatisfying","woahdude",0
"oddlysatisfying","interestingasfuck",0
"oddlysatisfying","videos",0
"news","worldnews",0
"politics","news",1
"news","politics",1
"Futurology","india",0
"worldnews","conspiracy",0
"worldnews","conspiracy",0
"worldnews","news",0
"news","worldnews",0
"TumblrInAction","news",1
"TumblrInAction","canada",1
"gifs","funny",1
"funny","gifs",1
"worldnews","TwoXChromosomes",0
"TwoXChromosomes","worldnews",0
"gifs","oddlysatisfying",0
"worldnews","news",0
"worldnews","europe",0
"europe","news",0
"europe","worldnews",0
"europe","worldnews",0
"worldnews","news",0
"worldnews","europe",0
"woahdude","oddlysatisfying",0
"woahdude","interestingasfuck",1
"woahdude","videos",1
"worldnews","europe",1
"technology","Futurology",0
"conspiracy","worldnews",0
"sports","soccer",1
"nottheonion","conspiracy",1
"technology","europe",0
"france","europe",0
"woahdude","interestingasfuck",0
"europe","france",1
"france","europe",1
"news","worldnews",0
"news","europe",0
"news","worldnews",0
"worldnews","news",1
"europe","worldnews",1
"oddlysatisfying","gifs",0
"france","europe",1
"Futurology","technology",0
"news","sports",0
"mildlyinteresting","wholesomememes",1
"news","worldnews",1
"technology","Futurology",0
"sports","news",0
"ukpolitics","europe",1
"europe","worldnews",0
"funny","pics",0
"Ice_Poseidon","science",0
"europe","france",1
"sports","interestingasfuck",0
"europe","france",0
"pics","funny",0
"interestingasfuck","sports",0
"pics","interestingasfuck",1
"worldnews","europe",0
"gifs","funny",1
"interestingasfuck","pics",1
"gifs","aww",1
"funny","gifs",1
"aww","gifs",1
"funny","gifs",0
"funny","aww",0
"aww","gifs",0
"aww","funny",0
"gifs","aww",0
"gifs","funny",0
"conspiracy","worldnews",0
"conspiracy","nottheonion",1
"Games","pcmasterrace",1
"pcmasterrace","Games",1
"wholesomememes","mildlyinteresting",1
